,word,prompt,prefill,answer,predicted,correct
0, marital,Transcribe the text in this image.,Text:, marital, mar,False
1, peter,Transcribe the text in this image.,Text:, peter, peter,True
2, vol,Transcribe the text in this image.,Text:, vol, vo,False
3, sofas,Transcribe the text in this image.,Text:, sofas, sofas,True
4, laps,Transcribe the text in this image.,Text:, laps, laps,True
5, cuts,Transcribe the text in this image.,Text:, cuts, cuts,True
6, endeavor,Transcribe the text in this image.,Text:, endeavor, R,False
7, dat,Transcribe the text in this image.,Text:, dat, dat,True
8, morale,Transcribe the text in this image.,Text:, morale, mor,False
9, segundo,Transcribe the text in this image.,Text:, segundo, segundo,True
10, inward,Transcribe the text in this image.,Text:, inward, inward,True
11, monthly,Transcribe the text in this image.,Text:, monthly, monthly,True
12, boxes,Transcribe the text in this image.,Text:, boxes, boxes,True
13, missing,Transcribe the text in this image.,Text:, missing, missing,True
14, dee,Transcribe the text in this image.,Text:, dee, dee,True
15, playlist,Transcribe the text in this image.,Text:, playlist, PET,False
16, hostel,Transcribe the text in this image.,Text:, hostel," """,False
17, liberals,Transcribe the text in this image.,Text:, liberals, liberals,True
18, thinking,Transcribe the text in this image.,Text:, thinking, thinking,True
19, giants,Transcribe the text in this image.,Text:, giants, giants,True
20, ammonia,Transcribe the text in this image.,Text:, ammonia, ammonia,True
21, complied,Transcribe the text in this image.,Text:, complied, complied,True
22, rich,Transcribe the text in this image.,Text:, rich, rich,True
23, armed,Transcribe the text in this image.,Text:, armed, armed,True
24, eating,Transcribe the text in this image.,Text:, eating, eating,True
25, chuckled,Transcribe the text in this image.,Text:, chuckled, chuck,False
26, regime,Transcribe the text in this image.,Text:, regime, regime,True
27, eighteen,Transcribe the text in this image.,Text:, eighteen, eighteen,True
28, poorest,Transcribe the text in this image.,Text:, poorest, poorest,True
29, growers,Transcribe the text in this image.,Text:, growers, growers,True
30, renting,Transcribe the text in this image.,Text:, renting, renting,True
31, particle,Transcribe the text in this image.,Text:, particle, particle,True
32, sounds,Transcribe the text in this image.,Text:, sounds, sounds,True
33, crappy,Transcribe the text in this image.,Text:, crappy, cr,False
34, license,Transcribe the text in this image.,Text:, license, license,True
35, barely,Transcribe the text in this image.,Text:, barely, barely,True
36, lantern,Transcribe the text in this image.,Text:, lantern, lantern,True
37, misc,Transcribe the text in this image.,Text:, misc, misc,True
38, fuller,Transcribe the text in this image.,Text:, fuller, fuller,True
39, whistle,Transcribe the text in this image.,Text:, whistle, whistle,True
40, squarely,Transcribe the text in this image.,Text:, squarely, squarely,True
41, hazards,Transcribe the text in this image.,Text:, hazards, hazards,True
42, owning,Transcribe the text in this image.,Text:, owning, owning,True
43, amino,Transcribe the text in this image.,Text:, amino, amino,True
44, oranges,Transcribe the text in this image.,Text:, oranges, oranges,True
45, chest,Transcribe the text in this image.,Text:, chest, chest,True
46, likely,Transcribe the text in this image.,Text:, likely, likely,True
47, evade,Transcribe the text in this image.,Text:, evade, ev,False
48, amp,Transcribe the text in this image.,Text:, amp, GU,False
49, nominee,Transcribe the text in this image.,Text:, nominee, sm,False
50, silently,Transcribe the text in this image.,Text:, silently, silently,True
51, weekend,Transcribe the text in this image.,Text:, weekend, weekend,True
52, moves,Transcribe the text in this image.,Text:, moves, moves,True
53, validity,Transcribe the text in this image.,Text:, validity, validity,True
54, sidewalk,Transcribe the text in this image.,Text:, sidewalk, sidewalk,True
55, teams,Transcribe the text in this image.,Text:, teams, teams,True
56, elevate,Transcribe the text in this image.,Text:, elevate, elevate,True
57, pasture,Transcribe the text in this image.,Text:, pasture, pasture,True
58, sex,Transcribe the text in this image.,Text:, sex, sex,True
59, boom,Transcribe the text in this image.,Text:, boom, boom,True
60, soccer,Transcribe the text in this image.,Text:, soccer, soccer,True
61, especial,Transcribe the text in this image.,Text:, especial, especial,True
62, mound,Transcribe the text in this image.,Text:, mound, mound,True
63, duration,Transcribe the text in this image.,Text:, duration, duration,True
64, times,Transcribe the text in this image.,Text:, times, times,True
65, immoral,Transcribe the text in this image.,Text:, immoral, immoral,True
66, heart,Transcribe the text in this image.,Text:, heart, heart,True
67, for,Transcribe the text in this image.,Text:, for, for,True
68, thinly,Transcribe the text in this image.,Text:, thinly, thin,False
69, wrong,Transcribe the text in this image.,Text:, wrong, wrong,True
70, acronym,Transcribe the text in this image.,Text:, acronym, ac,False
71, delay,Transcribe the text in this image.,Text:, delay, delay,True
72, runes,Transcribe the text in this image.,Text:, runes, runes,True
73, dodge,Transcribe the text in this image.,Text:, dodge, dodge,True
74, subsidy,Transcribe the text in this image.,Text:, subsidy, subsidy,True
75, humid,Transcribe the text in this image.,Text:, humid, humid,True
76, crypt,Transcribe the text in this image.,Text:, crypt, crypt,True
77, ted,Transcribe the text in this image.,Text:, ted, ted,True
78, born,Transcribe the text in this image.,Text:, born, Guitar,False
79, fewer,Transcribe the text in this image.,Text:, fewer, fewer,True
80, bargain,Transcribe the text in this image.,Text:, bargain, bargain,True
81, restless,Transcribe the text in this image.,Text:, restless, restless,True
82, tap,Transcribe the text in this image.,Text:, tap, tap,True
83, hidden,Transcribe the text in this image.,Text:, hidden, hidden,True
84, watcher,Transcribe the text in this image.,Text:, watcher, watcher,True
85, vital,Transcribe the text in this image.,Text:, vital, vital,True
86, foil,Transcribe the text in this image.,Text:, foil, foil,True
87, scant,Transcribe the text in this image.,Text:, scant, scant,True
88, enabled,Transcribe the text in this image.,Text:, enabled, enabled,True
89, council,Transcribe the text in this image.,Text:, council, council,True
90, public,Transcribe the text in this image.,Text:, public, public,True
91, thy,Transcribe the text in this image.,Text:, thy, thy,True
92, past,Transcribe the text in this image.,Text:, past, past,True
93, trained,Transcribe the text in this image.,Text:, trained, trained,True
94, crew,Transcribe the text in this image.,Text:, crew, crew,True
95, rotated,Transcribe the text in this image.,Text:, rotated, rotated,True
96, powers,Transcribe the text in this image.,Text:, powers, powers,True
97, psyched,Transcribe the text in this image.,Text:, psyched, psyched,True
98, hybrids,Transcribe the text in this image.,Text:, hybrids, hybrids,True
99, pomp,Transcribe the text in this image.,Text:, pomp, pomp,True
100, wiring,Transcribe the text in this image.,Text:, wiring, wiring,True
